{
  "hash": "a1c23f4f",
  "configHash": "90e4caec",
  "lockfileHash": "664465e7",
  "browserHash": "7f9e911a",
  "optimized": {
    "@angular/common": {
      "src": "../../../../../node_modules/@angular/common/fesm2022/common.mjs",
      "file": "@angular_common.js",
      "fileHash": "d39c896f",
      "needsInterop": false
    },
    "@angular/core": {
      "src": "../../../../../node_modules/@angular/core/fesm2022/core.mjs",
      "file": "@angular_core.js",
      "fileHash": "8e7e1d19",
      "needsInterop": false
    },
    "@angular/platform-browser": {
      "src": "../../../../../node_modules/@angular/platform-browser/fesm2022/platform-browser.mjs",
      "file": "@angular_platform-browser.js",
      "fileHash": "56db27cf",
      "needsInterop": false
    },
    "@angular/router": {
      "src": "../../../../../node_modules/@angular/router/fesm2022/router.mjs",
      "file": "@angular_router.js",
      "fileHash": "fee097ed",
      "needsInterop": false
    }
  },
  "chunks": {
    "chunk-BGOJ2A2L": {
      "file": "chunk-BGOJ2A2L.js"
    },
    "chunk-BKUZWL63": {
      "file": "chunk-BKUZWL63.js"
    },
    "chunk-GPPJLWS2": {
      "file": "chunk-GPPJLWS2.js"
    }
  }
}